<?xml version="1.0" encoding="utf-8"?>
<form>
  <name>LPD_USER_GROUP_EDIT_FORM</name>
  <params addpath="/administrator/components/com_lpd/elements">
    <param name="comment" type="radio" default="1" label="LPD_POST_COMMENTS" description="">
      <option value="0">LPD_NO</option>
      <option value="1">LPD_YES</option>
    </param>
    <param name="frontEdit" type="radio" default="0" label="LPD_FRONTEND_ITEM_EDITING" description="">
      <option value="0">LPD_NO</option>
      <option value="1">LPD_YES</option>
    </param>
    <param name="add" type="radio" default="0" label="LPD_ADD_ITEMS" description="">
      <option value="0">LPD_NO</option>
      <option value="1">LPD_YES</option>
    </param>
    <param name="editOwn" type="radio" default="0" label="LPD_EDIT_OWN_ITEMS" description="">
      <option value="0">LPD_NO</option>
      <option value="1">LPD_YES</option>
    </param>
    <param name="editAll" type="radio" default="0" label="LPD_EDIT_ANY_ITEM" description="">
      <option value="0">LPD_NO</option>
      <option value="1">LPD_YES</option>
    </param>
    <param name="publish" type="radio" default="0" label="LPD_PUBLISH_ITEMS" description="LPD_PERMISSION_TO_PUBLISH_NEW_OR_EDITED_ITEMS">
      <option value="0">LPD_NO</option>
      <option value="1">LPD_YES</option>
    </param>
  </params>
  <fields name="params">
    <fieldset name="user-permissions" addfieldpath="/administrator/components/com_lpd/elements">
      <fields>
        <field name="comment" type="radio" default="1" label="LPD_POST_COMMENTS" description="">
          <option value="0">LPD_NO</option>
          <option value="1">LPD_YES</option>
        </field>
        <field name="frontEdit" type="radio" default="0" label="LPD_FRONTEND_ITEM_EDITING" description="">
          <option value="0">LPD_NO</option>
          <option value="1">LPD_YES</option>
        </field>
        <field name="add" type="radio" default="0" label="LPD_ADD_ITEMS" description="">
          <option value="0">LPD_NO</option>
          <option value="1">LPD_YES</option>
        </field>
        <field name="editOwn" type="radio" default="0" label="LPD_EDIT_OWN_ITEMS" description="">
          <option value="0">LPD_NO</option>
          <option value="1">LPD_YES</option>
        </field>
        <field name="editAll" type="radio" default="0" label="LPD_EDIT_ANY_ITEM" description="">
          <option value="0">LPD_NO</option>
          <option value="1">LPD_YES</option>
        </field>
        <field name="publish" type="radio" default="0" label="LPD_PUBLISH_ITEMS" description="LPD_PERMISSION_TO_PUBLISH_NEW_OR_EDITED_ITEMS">
          <option value="0">LPD_NO</option>
          <option value="1">LPD_YES</option>
        </field>
      </fields>
    </fieldset>
  </fields>
</form>
