<?xml version="1.0" encoding="utf-8"?>
<install type="component" version="1.5.0" method="upgrade">
	<name>LPD</name>
	<author>Audox Ingeniería Ltda.</author>
	<creationDate>January 1st, 2012</creationDate>
	<copyright>Copyright (c) 2012 Audox Ingeniería Ltda. All rights reserved.</copyright>
	<authorEmail>info@audox.cl</authorEmail>
	<authorUrl>www.audox.cl</authorUrl>
	<version>1.1.2</version>
	<license>http://www.gnu.org/licenses/gpl-2.0.html GNU/GPL</license>
	<description>Thank you for installing Landing Pages Designer by Audox Ingeniería Ltda.</description>
	<installfile>install.lpd.php</installfile>
	<uninstallfile>uninstall.lpd.php</uninstallfile>
	<scriptfile>script.lpd.php</scriptfile>
	<install>
		<sql>
			<file driver="mysqli" charset="utf8">install.mysql.sql</file>
			<file driver="mysql" charset="utf8">install.mysql.sql</file>
		</sql>
	</install>
	<uninstall>
		<sql>
			<file driver="mysqli" charset="utf8">uninstall.mysql.sql</file>
			<file driver="mysql" charset="utf8">uninstall.mysql.sql</file>
		</sql>
	</uninstall>
	<files folder="components/com_lpd">
		<folder>controllers</folder>
		<folder>css</folder>
		<folder>helpers</folder>
		<folder>images</folder>
		<folder>js</folder>
		<folder>models</folder>
		<folder>sef_ext</folder>
		<folder>templates</folder>
		<folder>views</folder>
		<filename>lpd.php</filename>
		<filename>router.php</filename>
	</files>
	<media destination="lpd" folder="media/lpd">
		<folder>assets</folder>
		<folder>attachments</folder>
		<folder>categories</folder>
		<folder>galleries</folder>
		<folder>items</folder>
		<folder>users</folder>
		<folder>videos</folder>
	</media>
	<languages folder="language/en-GB">
		<language tag="en-GB">en-GB.com_lpd.ini</language>
		<language tag="en-GB">en-GB.mod_lpd_comments.ini</language>
		<language tag="en-GB">en-GB.mod_lpd_content.ini</language>
		<language tag="en-GB">en-GB.mod_lpd_login.ini</language>
		<language tag="en-GB">en-GB.mod_lpd_tools.ini</language>
		<language tag="en-GB">en-GB.mod_lpd_users.ini</language>
		<language tag="en-GB">en-GB.mod_lpd_user.ini</language>
	</languages>
	<administration>
		<menu img="../media/lpd/assets/images/system/lpd_16x16.png" view="items">COM_LPD</menu>
		<submenu>
			<menu view="items" link="option=com_lpd&amp;view=items">LPD_ITEMS</menu>
			<menu view="categories" link="option=com_lpd&amp;view=categories">LPD_CATEGORIES</menu>
		</submenu>
		<files folder="administrator/components/com_lpd">
			<folder>controllers</folder>
			<folder>elements</folder>
			<folder>helpers</folder>
			<folder>lib</folder>
			<folder>models</folder>
			<folder>tables</folder>
			<folder>views</folder>
			<filename>access.xml</filename>
			<filename>admin.lpd.php</filename>
			<filename>config.xml</filename>
			<filename>install.mysql.sql</filename>
			<filename>uninstall.mysql.sql</filename>
		</files>
		<languages folder="administrator/language/en-GB">
			<language tag="en-GB">en-GB.com_lpd.ini</language>
			<language tag="en-GB">en-GB.com_lpd.menu.ini</language>
			<language tag="en-GB">en-GB.com_lpd.j16.ini</language>
			<language tag="en-GB">en-GB.mod_lpd_quickicons.ini</language>
			<language tag="en-GB">en-GB.mod_lpd_stats.ini</language>
			<language tag="en-GB">en-GB.mod_lpd.j16.ini</language>
			<language tag="en-GB">en-GB.plg_search_lpd.ini</language>
			<language tag="en-GB">en-GB.plg_system_lpd.ini</language>
			<language tag="en-GB">en-GB.plg_user_lpd.ini</language>
		</languages>
	</administration>
	<params>
		<param name="enable_css" default="1" />
		<param name="userName" default="1" />
		<param name="userImage" default="1" />
		<param name="userDescription" default="1" />
		<param name="userURL" default="1" />
		<param name="userEmail" default="0" />
		<param name="userFeedLink" default="1" />
		<param name="userFeedIcon" default="1" />
		<param name="userItemCount" default="10" />
		<param name="userItemTitle" default="1" />
		<param name="userItemTitleLinked" default="1" />
		<param name="userItemDateCreated" default="1" />
		<param name="userItemImage" default="1" />
		<param name="userItemIntroText" default="1" />
		<param name="userItemCategory" default="1" />
		<param name="userItemTags" default="1" />
		<param name="userItemCommentsAnchor" default="1" />
		<param name="userItemReadMore" default="1" />
		<param name="userItemLPDPlugins" default="1" />
		<param name="tagItemCount" default="10" />
		<param name="tagItemTitle" default="1" />
		<param name="tagItemTitleLinked" default="1" />
		<param name="tagItemDateCreated" default="1" />
		<param name="tagItemImage" default="1" />
		<param name="tagItemIntroText" default="1" />
		<param name="tagItemCategory" default="1" />
		<param name="tagItemReadMore" default="1" />
		<param name="tagItemExtraFields" default="0" />
		<param name="tagOrdering" default="" />
		<param name="tagFeedLink" default="1" />
		<param name="tagFeedIcon" default="1" />
		<param name="genericItemCount" default="10" />
		<param name="genericItemTitle" default="1" />
		<param name="genericItemTitleLinked" default="1" />
		<param name="genericItemDateCreated" default="1" />
		<param name="genericItemImage" default="1" />
		<param name="genericItemIntroText" default="1" />
		<param name="genericItemCategory" default="1" />
		<param name="genericItemReadMore" default="1" />
		<param name="genericItemExtraFields" default="0" />
		<param name="genericFeedLink" default="1" />
		<param name="genericFeedIcon" default="1" />
		<param name="feedLimit" default="10" />
		<param name="feedItemImage" default="1" />
		<param name="feedImgSize" default="S" />
		<param name="feedItemIntroText" default="1" />
		<param name="feedTextWordLimit" default="" />
		<param name="feedItemFullText" default="1" />
		<param name="feedItemTags" default="0" />
		<param name="feedItemVideo" default="0" />
		<param name="feedItemGallery" default="0" />
		<param name="feedItemAttachments" default="0" />
		<param name="feedBogusEmail" default="" />
		<param name="introTextCleanup" default="0" />
		<param name="introTextCleanupExcludeTags" default="" />
		<param name="introTextCleanupTagAttr" default="" />
		<param name="fullTextCleanup" default="0" />
		<param name="fullTextCleanupExcludeTags" default="" />
		<param name="fullTextCleanupTagAttr" default="" />
		<param name="xssFiltering" default="0" />
		<param name="linkPopupWidth" default="900" />
		<param name="linkPopupHeight" default="600" />
		<param name="imagesQuality" default="100" />
		<param name="itemImageXS" default="100" />
		<param name="itemImageS" default="200" />
		<param name="itemImageM" default="400" />
		<param name="itemImageL" default="600" />
		<param name="itemImageXL" default="900" />
		<param name="itemImageGeneric" default="300" />
		<param name="catImageWidth" default="100" />
		<param name="catImageDefault" default="1" />
		<param name="userImageWidth" default="100" />
		<param name="userImageDefault" default="1" />
		<param name="commenterImgWidth" default="48" />
		<param name="onlineImageEditor" default="splashup" />
		<param name="imageTimestamp" default="0" />
		<param name="imageMemoryLimit" default="" />
		<param name="socialButtonCode" default="" />
		<param name="twitterUsername" default="" />
		<param name="urlShortener" default="1" />
		<param name="comments" default="1" />
		<param name="commentsOrdering" default="DESC" />
		<param name="commentsLimit" default="10" />
		<param name="commentsFormPosition" default="below" />
		<param name="commentsPublishing" default="1" />
		<param name="gravatar" default="1" />
		<param name="recaptcha" default="0" />
		<param name="commentsFormNotes" default="1" />
		<param name="commentsFormNotesText" default="" rows="8" cols="40" />
		<param name="frontendEditing" default="1" />
		<param name="showImageTab" default="1" />
		<param name="showImageGalleryTab" default="1" />
		<param name="showVideoTab" default="1" />
		<param name="showExtraFieldsTab" default="1" />
		<param name="showAttachmentsTab" default="1" />
		<param name="showLPDPlugins" default="1" />
		<param name="sideBarDisplayFrontend" default="0" />
		<param name="mergeEditors" default="1" />
		<param name="sideBarDisplay" default="1" />
		<param name="attachmentsFolder" default="" />
		<param name="hideImportButton" default="0" />
		<param name="taggingSystem" default="1" />
		<param name="lockTags" default="0" />
		<param name="showTagFilter" default="0" />
		<param name="googleSearch" default="0" />
		<param name="googleSearchContainer" default="lpdContainer" />
		<param name="LPDUserProfile" default="1" />
		<param name="LPDUserGroup" default="" />
		<param name="redirect" default="" />
		<param name="adminSearch" default="simple" />
		<param name="cookieDomain" default="" />
		<param name="recaptcha_public_key" default="" />
		<param name="recaptcha_private_key" default="" />
		<param name="recaptcha_theme" default="clean" />
		<param name="recaptchaOnRegistration" default="0" />
		<param name="showItemsCounterAdmin" default="1" />
		<param name="showChildCatItems" default="1" />
		<param name="disableCompactOrdering" default="0" />
		<param name="SEFReplacements" default="" />
		<param name="metaDescLimit" default="150" />
		<param name="sh404SefLabelCat" default="" />
		<param name="sh404SefLabelUser" default="blog" />
		<param name="sh404SefLabelItem" default="2" />
		<param name="sh404SefTitleAlias" default="alias" />
		<param name="sh404SefModLPDContentFeedAlias" default="feed" />
	</params>
	<config>
		<fields>
			<fieldset>
				<field name="enable_css" default="1" />
				<field name="userName" default="1" />
				<field name="userImage" default="1" />
				<field name="userDescription" default="1" />
				<field name="userURL" default="1" />
				<field name="userEmail" default="0" />
				<field name="userFeedLink" default="1" />
				<field name="userFeedIcon" default="1" />
				<field name="userItemCount" default="10" />
				<field name="userItemTitle" default="1" />
				<field name="userItemTitleLinked" default="1" />
				<field name="userItemDateCreated" default="1" />
				<field name="userItemImage" default="1" />
				<field name="userItemIntroText" default="1" />
				<field name="userItemCategory" default="1" />
				<field name="userItemTags" default="1" />
				<field name="userItemCommentsAnchor" default="1" />
				<field name="userItemReadMore" default="1" />
				<field name="userItemLPDPlugins" default="1" />
				<field name="tagItemCount" default="10" />
				<field name="tagItemTitle" default="1" />
				<field name="tagItemTitleLinked" default="1" />
				<field name="tagItemDateCreated" default="1" />
				<field name="tagItemImage" default="1" />
				<field name="tagItemIntroText" default="1" />
				<field name="tagItemCategory" default="1" />
				<field name="tagItemReadMore" default="1" />
				<field name="tagItemExtraFields" default="0" />
				<field name="tagOrdering" default="" />
				<field name="tagFeedLink" default="1" />
				<field name="tagFeedIcon" default="1" />
				<field name="genericItemCount" default="10" />
				<field name="genericItemTitle" default="1" />
				<field name="genericItemTitleLinked" default="1" />
				<field name="genericItemDateCreated" default="1" />
				<field name="genericItemImage" default="1" />
				<field name="genericItemIntroText" default="1" />
				<field name="genericItemCategory" default="1" />
				<field name="genericItemReadMore" default="1" />
				<field name="genericItemExtraFields" default="0" />
				<field name="genericFeedLink" default="1" />
				<field name="genericFeedIcon" default="1" />
				<field name="feedLimit" default="10" />
				<field name="feedItemImage" default="1" />
				<field name="feedImgSize" default="S" />
				<field name="feedItemIntroText" default="1" />
				<field name="feedTextWordLimit" default="" />
				<field name="feedItemFullText" default="1" />
				<field name="feedItemTags" default="0" />
				<field name="feedItemVideo" default="0" />
				<field name="feedItemGallery" default="0" />
				<field name="feedItemAttachments" default="0" />
				<field name="feedBogusEmail" default="" />
				<field name="introTextCleanup" default="0" />
				<field name="introTextCleanupExcludeTags" default="" />
				<field name="introTextCleanupTagAttr" default="" />
				<field name="fullTextCleanup" default="0" />
				<field name="fullTextCleanupExcludeTags" default="" />
				<field name="fullTextCleanupTagAttr" default="" />
				<field name="xssFiltering" default="0" />
				<field name="linkPopupWidth" default="900" />
				<field name="linkPopupHeight" default="600" />
				<field name="imagesQuality" default="100" />
				<field name="itemImageXS" default="100" />
				<field name="itemImageS" default="200" />
				<field name="itemImageM" default="400" />
				<field name="itemImageL" default="600" />
				<field name="itemImageXL" default="900" />
				<field name="itemImageGeneric" default="300" />
				<field name="catImageWidth" default="100" />
				<field name="catImageDefault" default="1" />
				<field name="userImageWidth" default="100" />
				<field name="userImageDefault" default="1" />
				<field name="commenterImgWidth" default="48" />
				<field name="onlineImageEditor" default="splashup" />
				<field name="imageTimestamp" default="0" />
				<field name="imageMemoryLimit" default="" />
				<field name="socialButtonCode" default="" />
				<field name="twitterUsername" default="" />
				<field name="urlShortener" default="1" />
				<field name="comments" default="1" />
				<field name="commentsOrdering" default="DESC" />
				<field name="commentsLimit" default="10" />
				<field name="commentsFormPosition" default="below" />
				<field name="commentsPublishing" default="1" />
				<field name="gravatar" default="1" />
				<field name="recaptcha" default="0" />
				<field name="commentsFormNotes" default="1" />
				<field name="commentsFormNotesText" default="" rows="8" cols="40" />
				<field name="frontendEditing" default="1" />
				<field name="showImageTab" default="1" />
				<field name="showImageGalleryTab" default="1" />
				<field name="showVideoTab" default="1" />
				<field name="showExtraFieldsTab" default="1" />
				<field name="showAttachmentsTab" default="1" />
				<field name="showLPDPlugins" default="1" />
				<field name="sideBarDisplayFrontend" default="0" />
				<field name="mergeEditors" default="1" />
				<field name="sideBarDisplay" default="1" />
				<field name="attachmentsFolder" default="" />
				<field name="hideImportButton" default="0" />
				<field name="taggingSystem" default="1" />
				<field name="lockTags" default="0" />
				<field name="showTagFilter" default="0" />
				<field name="googleSearch" default="0" />
				<field name="googleSearchContainer" default="lpdContainer" />
				<field name="LPDUserProfile" default="1" />
				<field name="LPDUserGroup" default="" />
				<field name="redirect" default="" />
				<field name="adminSearch" default="simple" />
				<field name="cookieDomain" default="" />
				<field name="recaptcha_public_key" default="" />
				<field name="recaptcha_private_key" default="" />
				<field name="recaptcha_theme" default="clean" />
				<field name="recaptchaOnRegistration" default="0" />
				<field name="showItemsCounterAdmin" default="1" />
				<field name="showChildCatItems" default="1" />
				<field name="disableCompactOrdering" default="0" />
				<field name="SEFReplacements" default="" />
				<field name="metaDescLimit" default="150" />
				<field name="sh404SefLabelCat" default="" />
				<field name="sh404SefLabelUser" default="blog" />
				<field name="sh404SefLabelItem" default="2" />
				<field name="sh404SefTitleAlias" default="alias" />
				<field name="sh404SefModLPDContentFeedAlias" default="feed" />
			</fieldset>
		</fields>
	</config>
	<modules>
		<module module="mod_lpd_quickicons" client="administrator" />
		<module module="mod_lpd_stats" client="administrator" />
	</modules>
	<plugins>
		<plugin plugin="lpd" group="search" />
		<plugin plugin="lpd" group="system" />
		<plugin plugin="lpd" group="user" />
	</plugins>
</install>
